ax,ay,az,gx,gy,gz,label
-0.23,0.96,-0.32,-3.05,-3.69,-0.26,bad
-0.21,0.98,-0.3,-7.2,0.21,-1.11,bad
-0.23,0.96,-0.24,-14.53,-6.11,-3.73,bad
-0.22,0.95,-0.18,-4.28,-5.1,1.85,bad
-0.21,0.97,-0.19,-2.18,-0.13,-0.07,bad
-0.22,0.98,-0.16,0.47,-0.18,0.37,bad
-0.22,0.98,-0.15,2.98,-1.07,0.26,bad
-0.23,0.97,-0.18,-10.43,-1.51,-1.89,bad
-0.24,0.95,-0.15,-0.89,-0.69,0.31,bad
-0.22,0.98,-0.14,2.21,-0.6,-0.49,bad
-0.24,0.98,-0.16,1.5,1.98,1.69,bad
-0.21,0.99,-0.15,-5.69,-1.25,-0.69,bad
-0.22,1.0,-0.12,-8.33,0.39,-3.05,bad
-0.23,0.97,-0.09,-1.19,-1.85,-2.13,bad
-0.22,0.98,-0.09,-0.5,-0.86,-0.87,bad
-0.25,0.95,-0.09,8.15,-0.02,4.76,bad
-0.2,1.0,-0.13,0.72,3.25,1.37,bad
-0.23,0.98,-0.12,-3.56,1.54,-1.08,bad
-0.22,0.97,-0.13,7.48,1.61,1.42,bad
-0.19,0.98,-0.21,13.34,5.56,2.15,bad
-0.2,1.01,-0.24,2.78,2.82,-0.58,bad
-0.23,0.99,-0.23,-8.15,-0.85,-2.08,bad
-0.21,0.98,-0.15,-8.47,-2.96,-1.48,bad
-0.21,0.97,-0.17,0.71,-1.15,-1.52,bad
-0.21,1.02,-0.17,17.08,8.36,5.42,bad
-0.17,1.01,-0.26,3.08,0.2,1.47,bad
-0.17,1.0,-0.25,1.54,4.47,-0.89,bad
-0.18,1.02,-0.26,18.76,7.27,1.06,bad
-0.21,1.02,-0.39,12.79,8.07,3.85,bad
-0.15,1.04,-0.38,-0.11,-2.06,1.56,bad
-0.14,0.98,-0.32,-4.3,1.38,-0.3,bad
-0.16,1.0,-0.37,9.6,3.63,1.79,bad
-0.15,0.99,-0.4,2.96,1.64,2.21,bad
-0.14,0.95,-0.43,0.42,-1.58,-0.17,bad
-0.18,0.96,-0.42,9.45,6.0,5.81,bad
-0.07,0.99,-0.53,18.7,8.01,2.98,bad
-0.11,0.94,-0.51,-0.15,0.7,-0.1,bad
-0.09,0.95,-0.52,-2.1,1.16,-2.07,bad
-0.1,0.9,-0.51,9.29,14.03,2.78,bad
-0.07,0.92,-0.62,17.73,-0.23,3.12,bad
-0.07,0.91,-0.61,2.5,5.44,-1.28,bad
-0.09,0.89,-0.62,-2.38,3.33,-3.31,bad
-0.08,0.88,-0.58,1.19,3.94,0.5,bad
-0.06,0.89,-0.64,5.32,2.08,3.59,bad
-0.02,0.91,-0.64,0.16,-0.18,-0.15,bad
-0.07,0.91,-0.63,-9.15,-2.37,-1.94,bad
-0.03,0.89,-0.54,-9.68,-5.73,-3.8,bad
-0.07,0.93,-0.55,-11.5,2.66,-3.31,bad
-0.08,0.96,-0.53,-2.05,-2.29,-3.66,bad
-0.09,0.92,-0.44,3.53,4.98,2.33,bad
-0.12,0.93,-0.52,-12.94,0.24,-2.38,bad
-0.1,0.99,-0.48,-6.98,-2.77,-3.37,bad
-0.14,0.95,-0.39,-13.96,-12.55,-6.18,bad
-0.15,0.98,-0.39,-6.46,-3.05,-3.31,bad
-0.17,1.0,-0.35,-2.39,-7.04,-3.13,bad
-0.21,0.98,-0.32,-16.22,-8.43,-5.23,bad
-0.23,0.99,-0.23,-3.82,-3.11,-2.87,bad
-0.21,0.95,-0.24,6.6,-1.03,1.05,bad
-0.25,0.94,-0.28,-11.73,-5.94,-1.85,bad
-0.21,0.99,-0.2,2.04,-0.2,0.86,bad
-0.21,0.98,-0.21,-0.55,0.2,-0.04,bad
-0.23,0.99,-0.27,-11.63,-3.69,-1.73,bad
-0.21,0.97,-0.17,-2.72,-0.56,-0.55,bad
-0.21,0.96,-0.19,-1.76,-2.18,-1.55,bad
-0.2,0.99,-0.24,-8.72,-2.02,-2.65,bad
-0.22,0.96,-0.15,-3.07,-2.99,-3.17,bad
-0.22,0.99,-0.17,0.95,0.21,-2.26,bad
-0.24,0.96,-0.15,-2.89,-0.49,-1.24,bad
-0.25,0.96,-0.12,-6.35,-2.7,-1.98,bad
-0.24,0.98,-0.1,2.24,-3.6,0.49,bad
-0.24,0.97,-0.13,9.53,-1.05,-0.38,bad
-0.26,0.97,-0.15,-0.76,0.32,-1.49,bad
-0.23,0.98,-0.14,1.96,-1.62,-0.82,bad
-0.23,0.98,-0.14,-1.66,3.49,-0.63,bad
-0.26,0.97,-0.12,3.05,-0.02,-0.82,bad
-0.24,0.99,-0.16,0.6,0.15,0.66,bad
-0.24,0.92,-0.08,-3.0,0.74,1.11,bad
-0.22,0.98,-0.16,4.24,4.08,0.54,bad
-0.24,0.98,-0.14,0.05,3.21,1.42,bad
-0.22,0.97,-0.13,0.82,-3.95,-1.08,bad
-0.23,0.99,-0.16,5.2,1.98,2.39,bad
-0.22,0.97,-0.17,7.42,-0.98,2.31,bad
-0.23,0.95,-0.17,7.11,7.18,1.63,bad
-0.21,0.98,-0.26,15.51,4.41,5.31,bad
-0.18,1.0,-0.27,19.76,1.57,3.73,bad
-0.18,0.98,-0.35,19.5,7.42,1.37,bad
-0.18,0.98,-0.45,20.41,17.21,2.5,bad
-0.18,0.95,-0.47,0.35,1.26,1.53,bad
-0.12,0.92,-0.5,-2.3,-3.01,2.21,bad
-0.14,0.95,-0.44,-4.47,-0.32,-0.47,bad
-0.19,0.92,-0.34,-7.87,-3.23,3.15,bad
-0.15,0.93,-0.41,14.02,2.74,3.83,bad
-0.12,0.96,-0.49,5.18,2.11,1.15,bad
-0.13,0.93,-0.47,2.29,-0.33,-0.15,bad
-0.13,0.95,-0.49,-1.86,3.7,-1.37,bad
-0.13,0.95,-0.45,-1.5,11.97,3.2,bad
-0.07,0.95,-0.5,14.23,-3.49,6.22,bad
-0.04,0.94,-0.53,7.91,3.45,2.06,bad
-0.09,0.93,-0.55,1.56,-3.89,-3.69,bad
-0.06,0.93,-0.53,2.38,-0.21,-1.19,bad
-0.07,0.93,-0.52,7.12,2.48,2.5,bad
-0.05,0.93,-0.56,7.09,3.13,4.81,bad
-0.06,0.93,-0.58,2.05,-0.09,1.47,bad
-0.07,0.91,-0.57,1.07,2.12,-0.38,bad
-0.04,0.9,-0.6,-0.48,-1.35,-0.94,bad
-0.06,0.9,-0.57,-0.76,-0.34,-0.66,bad
-0.07,0.89,-0.57,5.7,1.24,2.73,bad
-0.02,0.88,-0.6,13.87,3.46,4.63,bad
-0.01,0.91,-0.63,2.31,0.24,-0.15,bad
-0.02,0.89,-0.64,1.34,1.05,0.47,bad
-0.02,0.87,-0.61,4.73,3.35,1.16,bad
-0.0,0.89,-0.64,7.13,3.66,2.08,bad
-0.01,0.89,-0.69,-3.91,-4.85,-2.9,bad
0.01,0.88,-0.68,0.92,-0.47,-0.51,bad
-0.0,0.85,-0.67,-1.33,-0.63,-1.02,bad
0.05,0.89,-0.68,-6.39,-0.16,-2.44,bad
0.02,0.84,-0.69,1.96,-0.62,-0.09,bad
0.01,0.87,-0.71,-3.69,-2.79,-3.11,bad
0.02,0.87,-0.68,-7.31,-2.79,-5.33,bad
-0.01,0.87,-0.66,-15.51,-6.78,-4.78,bad
-0.03,0.92,-0.61,-10.18,-2.39,-4.18,bad
-0.04,0.86,-0.6,-1.51,-4.4,3.69,bad
-0.07,0.92,-0.61,-12.63,-0.29,-3.12,bad
-0.05,0.94,-0.57,-14.37,-6.57,-3.73,bad
-0.07,0.93,-0.49,-8.24,-1.1,-3.83,bad
-0.11,0.97,-0.49,3.44,3.63,-1.59,bad
-0.07,0.96,-0.53,10.35,0.89,0.18,bad
-0.05,0.93,-0.59,-0.95,-0.28,1.08,bad
-0.07,0.94,-0.52,-0.23,-1.47,-1.18,bad
-0.07,0.94,-0.55,0.61,-3.1,-1.87,bad
-0.11,0.92,-0.5,-9.26,-6.34,-3.42,bad
-0.1,0.96,-0.52,6.12,-3.53,-2.2,bad
-0.11,0.95,-0.53,0.18,1.45,0.76,bad
-0.12,0.94,-0.51,3.12,1.89,0.87,bad
-0.11,0.92,-0.53,16.6,8.87,10.55,bad
-0.05,0.93,-0.62,-0.63,-2.53,2.96,bad
-0.05,0.93,-0.56,-5.82,-1.94,-2.88,bad
-0.09,0.9,-0.53,-6.44,-3.15,-3.59,bad
-0.09,0.93,-0.55,-8.76,-5.18,-5.31,bad
-0.16,0.9,-0.46,-12.78,-5.51,-6.4,bad
-0.14,0.92,-0.43,-4.56,-5.91,-3.98,bad
-0.17,0.95,-0.43,-7.15,-3.75,-3.19,bad
-0.19,0.99,-0.39,-14.34,-4.83,-3.39,bad
-0.21,0.95,-0.31,-20.21,-9.55,-4.98,bad
-0.21,0.96,-0.24,-9.14,-3.57,-3.02,bad
-0.2,0.97,-0.25,-0.27,-1.56,-0.94,bad
-0.23,1.03,-0.26,-15.4,-12.29,-3.58,bad
-0.26,0.98,-0.16,-6.56,-0.75,-4.33,bad
-0.25,0.97,-0.1,-1.05,1.75,-0.99,bad
-0.26,0.96,-0.16,-2.44,-2.83,-0.18,bad
-0.27,0.99,-0.13,-11.48,-1.71,-1.61,bad
-0.26,0.98,-0.07,-4.13,-0.89,-2.63,bad
-0.25,0.93,-0.07,-2.51,-1.75,-1.4,bad
-0.27,0.95,-0.04,5.19,2.29,1.74,bad
-0.24,0.99,-0.1,8.83,5.69,2.02,bad
-0.24,1.0,-0.15,3.19,4.01,1.73,bad
-0.26,0.98,-0.16,2.0,-0.4,0.6,bad
-0.23,0.95,-0.16,11.29,3.09,2.73,bad
-0.23,0.99,-0.27,21.69,7.05,4.95,bad
-0.23,0.99,-0.31,10.78,3.83,2.73,bad
-0.21,0.98,-0.27,1.37,-1.26,1.72,bad
-0.2,1.05,-0.32,-5.24,1.24,-0.15,bad
-0.22,0.96,-0.26,-6.98,-3.43,-0.15,bad
-0.09,1.02,-0.18,-14.69,-1.63,-3.21,bad
-0.22,0.96,-0.15,-5.33,-3.72,-3.77,bad
-0.24,0.97,-0.16,1.4,0.95,-2.31,bad
-0.24,0.96,-0.17,-6.59,-2.45,-2.43,bad
-0.28,0.94,-0.08,-13.61,-9.51,-7.16,bad
-0.24,0.91,-0.05,-1.7,-2.52,-1.05,bad
-0.28,0.91,-0.11,9.85,-2.02,-0.01,bad
-0.25,0.99,-0.08,-7.63,-3.89,-3.36,bad
-0.26,0.96,-0.02,-4.19,-0.68,0.61,bad
-0.24,0.95,-0.03,9.08,5.64,1.98,bad
-0.3,0.95,-0.13,18.08,4.05,6.69,bad
-0.23,1.02,-0.17,-0.01,-1.7,-1.28,bad
-0.19,1.0,-0.1,-6.11,-1.95,1.57,bad
-0.25,0.95,-0.05,-4.95,-1.24,-2.7,bad
-0.23,0.98,-0.04,-0.26,0.4,-1.11,bad
-0.24,0.97,-0.03,5.15,2.76,-0.41,bad
-0.26,0.92,-0.12,17.28,3.74,2.47,bad
-0.24,0.97,-0.14,-3.28,-1.52,-0.9,bad
-0.25,0.99,-0.13,-12.36,-4.82,-2.0,bad
-0.26,0.95,-0.08,1.97,2.07,0.61,bad
-0.23,1.03,-0.12,17.47,6.89,2.51,bad
-0.22,1.0,-0.22,13.08,4.68,2.47,bad
-0.22,0.97,-0.19,5.72,1.19,-0.4,bad
-0.22,0.96,-0.19,4.51,0.57,-0.02,bad
-0.21,0.94,-0.17,9.58,5.94,1.57,bad
-0.2,0.95,-0.28,12.72,4.85,-2.02,bad
-0.22,0.94,-0.31,3.5,0.81,1.58,bad
-0.2,0.93,-0.28,3.56,0.9,-0.07,bad
-0.22,0.95,-0.33,17.45,-5.1,-0.32,bad
-0.21,0.96,-0.4,14.01,2.27,-1.05,bad
-0.23,0.92,-0.41,2.03,1.37,0.19,bad
-0.22,0.92,-0.42,-12.65,2.61,-3.54,bad
-0.2,0.97,-0.38,11.85,3.56,3.06,bad
-0.23,0.95,-0.41,6.56,2.53,3.95,bad
-0.2,0.95,-0.39,2.49,-1.18,1.56,bad
-0.17,0.93,-0.41,1.6,-2.31,-0.5,bad
-0.2,0.91,-0.29,3.66,13.82,3.22,bad
-0.17,0.92,-0.39,22.01,11.04,6.59,bad
-0.15,0.97,-0.48,11.54,-0.15,3.4,bad
-0.15,0.96,-0.48,7.15,-0.22,0.69,bad
-0.2,0.95,-0.53,-7.85,12.23,4.93,bad
-0.1,0.98,-0.52,11.47,11.6,5.34,bad
-0.11,0.89,-0.55,8.46,2.77,2.35,bad
-0.07,0.91,-0.59,4.24,1.91,1.97,bad
-0.11,0.88,-0.55,7.95,10.44,1.91,bad
-0.05,0.91,-0.64,9.05,0.42,3.88,bad
-0.04,0.88,-0.65,9.58,2.35,2.95,bad
-0.03,0.88,-0.65,-0.08,-0.89,0.06,bad
-0.05,0.86,-0.63,2.73,1.8,1.54,bad
-0.03,0.84,-0.7,-1.38,-2.94,0.13,bad
-0.03,0.92,-0.75,5.3,7.82,1.58,bad
0.01,0.89,-0.73,2.93,2.43,1.06,bad
-0.01,0.9,-0.7,-6.18,-0.08,-1.5,bad
0.05,0.93,-0.71,-11.6,4.58,-4.21,bad
-0.04,0.9,-0.59,-0.34,-1.19,0.11,bad
-0.05,0.86,-0.6,-2.59,-2.31,-1.35,bad
-0.08,0.9,-0.64,1.6,5.76,1.93,bad
-0.01,0.89,-0.51,-10.77,-6.63,-0.52,bad
-0.04,0.91,-0.57,-5.18,5.63,-5.7,bad
-0.04,0.95,-0.59,-0.79,-1.89,-0.79,bad
-0.08,0.91,-0.54,-13.66,-8.3,-5.38,bad
-0.11,0.96,-0.44,-22.49,-22.75,-6.2,bad
-0.17,0.93,-0.34,-14.82,-10.69,-5.7,bad
-0.19,0.98,-0.34,-3.24,-2.44,-4.2,bad
-0.17,0.99,-0.37,-3.49,-3.76,-1.95,bad
-0.22,0.99,-0.3,-10.5,-4.29,-3.4,bad
-0.24,0.94,-0.25,-0.71,-1.8,-0.89,bad
-0.24,0.95,-0.28,-2.61,-1.28,-1.6,bad
-0.27,0.97,-0.27,-20.61,-10.32,-3.9,bad
-0.25,0.96,-0.12,-14.34,-5.35,-1.34,bad
-0.23,0.94,-0.1,-1.65,-0.89,-2.4,bad
-0.25,1.01,-0.11,-1.38,-0.97,-2.4,bad
-0.27,0.97,-0.09,-8.37,-3.99,-2.12,bad
-0.26,0.97,-0.07,-3.05,-1.62,-1.23,bad
-0.27,0.95,-0.07,2.72,0.81,-0.1,bad
-0.28,0.94,-0.1,17.17,4.73,2.26,bad
-0.26,0.99,-0.22,20.05,8.63,1.77,bad
-0.21,0.97,-0.23,9.92,5.25,1.89,bad
-0.23,0.93,-0.24,7.09,9.71,0.26,bad
-0.22,0.97,-0.33,20.59,2.46,2.72,bad
-0.21,0.95,-0.4,4.18,1.95,4.85,bad
-0.19,0.95,-0.36,5.63,-2.15,3.04,bad
-0.2,0.95,-0.35,4.7,2.22,-1.08,bad
-0.23,0.95,-0.38,6.67,3.79,-1.43,bad
-0.23,0.96,-0.44,2.95,2.08,-0.18,bad
-0.22,0.96,-0.43,0.98,0.26,0.85,bad
-0.17,0.93,-0.38,5.39,-3.24,0.44,bad
-0.15,0.99,-0.42,3.87,-4.27,1.6,bad
-0.16,0.98,-0.52,8.5,7.88,3.37,bad
-0.16,0.94,-0.51,1.06,3.09,1.76,bad
-0.14,0.93,-0.51,1.57,2.51,0.4,bad
-0.15,0.9,-0.55,6.65,-3.02,0.61,bad
-0.16,0.88,-0.56,6.68,-0.84,-0.53,bad
-0.15,0.9,-0.59,7.4,3.2,1.32,bad
-0.16,0.88,-0.57,9.46,4.79,2.25,bad
-0.11,0.89,-0.6,17.48,6.11,2.6,bad
-0.11,0.86,-0.66,5.32,1.12,1.49,bad
-0.12,0.88,-0.67,3.73,5.21,2.22,bad
-0.11,0.87,-0.67,1.15,2.55,1.08,bad
-0.11,0.86,-0.7,4.47,-2.69,1.31,bad
-0.08,0.86,-0.7,3.91,2.44,-0.61,bad
-0.1,0.85,-0.73,3.02,4.53,-0.03,bad
-0.08,0.85,-0.72,-3.63,-1.39,-0.85,bad
-0.08,0.85,-0.69,-2.82,-2.15,-0.2,bad
-0.08,0.86,-0.69,0.96,-0.01,-0.88,bad
-0.1,0.87,-0.69,-1.17,0.73,-0.78,bad
-0.08,0.87,-0.69,-4.22,1.17,-1.08,bad
-0.08,0.85,-0.67,-11.33,-7.31,-3.1,bad
-0.09,0.87,-0.62,-6.85,-0.95,-2.66,bad
-0.12,0.89,-0.61,-2.39,-0.74,-1.4,bad
-0.13,0.91,-0.61,-9.11,-5.73,-1.55,bad
-0.12,0.94,-0.55,-20.18,-3.1,-4.15,bad
-0.19,0.96,-0.45,-10.08,0.05,-3.02,bad
-0.17,0.97,-0.48,1.76,4.76,1.72,bad
-0.13,1.01,-0.52,-9.54,1.88,-3.1,bad
-0.13,0.99,-0.42,-12.73,-4.84,-2.42,bad
-0.21,0.96,-0.35,-14.23,5.33,-4.36,bad
-0.17,1.0,-0.34,-7.63,-4.45,-3.11,bad
-0.16,0.98,-0.32,-9.45,-6.71,-4.18,bad
-0.23,0.95,-0.25,3.17,-5.03,-5.89,bad
-0.24,0.97,-0.18,-6.17,-2.68,-1.73,bad
-0.24,1.01,-0.2,1.58,-3.42,-1.34,bad
-0.26,1.0,-0.22,-12.77,-5.0,-4.59,bad
-0.32,1.03,-0.14,-14.07,-15.1,-3.4,bad
-0.25,0.96,-0.09,1.43,2.83,-0.87,bad
-0.23,0.97,-0.13,6.22,4.02,2.12,bad
-0.24,0.95,-0.15,-3.7,5.92,1.94,bad
-0.23,0.97,-0.14,-6.64,0.76,1.43,bad
-0.25,0.94,-0.09,1.06,-3.79,1.92,bad
-0.25,0.95,-0.09,3.57,-1.8,-2.78,bad
-0.27,0.94,-0.15,15.08,0.45,1.22,bad
-0.26,0.98,-0.21,1.11,-4.47,-0.93,bad
-0.26,0.97,-0.18,2.16,0.69,-0.62,bad
-0.24,0.98,-0.23,12.39,3.69,2.46,bad
-0.25,1.03,-0.33,15.09,3.78,2.02,bad
-0.19,0.99,-0.36,1.28,-0.44,-0.66,bad
-0.22,0.93,-0.31,2.32,0.85,-0.79,bad
-0.26,0.95,-0.3,11.63,13.34,8.55,bad
-0.19,0.94,-0.42,12.93,6.4,7.06,bad
-0.14,0.95,-0.47,13.61,7.1,4.01,bad
-0.13,0.97,-0.53,11.61,7.68,0.7,bad
-0.11,0.92,-0.56,17.59,7.79,1.43,bad
-0.11,0.9,-0.6,10.38,3.69,0.98,bad
-0.1,0.89,-0.63,5.48,2.87,1.85,bad
-0.1,0.89,-0.64,1.95,0.89,-0.02,bad
-0.12,0.87,-0.66,8.95,4.85,1.92,bad
-0.09,0.86,-0.67,7.95,1.59,0.13,bad
-0.07,0.86,-0.67,0.21,1.53,-0.6,bad
-0.08,0.86,-0.69,3.51,1.82,-1.08,bad
-0.08,0.85,-0.7,3.21,1.55,0.86,bad
-0.05,0.82,-0.66,-7.75,13.7,1.67,bad
-0.04,0.85,-0.71,8.07,1.2,2.96,bad
-0.01,0.85,-0.73,2.45,-0.67,0.44,bad
-0.03,0.86,-0.78,-10.19,-1.52,-3.72,bad
-0.03,0.86,-0.69,-2.68,-2.31,-2.07,bad
-0.05,0.86,-0.69,-6.43,-8.03,-3.2,bad
-0.09,0.86,-0.64,-10.13,-4.79,-4.29,bad
-0.11,0.84,-0.62,-1.31,-0.31,-1.12,bad
-0.08,0.86,-0.66,4.79,-0.74,2.69,bad
-0.06,0.89,-0.66,-1.54,-1.25,-0.46,bad
-0.08,0.89,-0.62,-14.98,-8.69,-6.0,bad
-0.12,0.92,-0.61,-25.78,-13.55,-9.07,bad
-0.16,0.95,-0.43,-32.44,-13.44,-7.55,bad
-0.19,0.98,-0.29,-23.85,-2.82,-8.07,bad
-0.23,0.96,-0.21,-6.11,-4.87,-4.88,bad
-0.24,0.96,-0.22,-3.92,-5.8,-2.75,bad
-0.26,0.99,-0.24,-7.34,-4.86,-1.22,bad
-0.27,0.98,-0.19,-6.28,0.44,-1.3,bad
-0.19,0.96,-0.18,0.58,3.25,-1.69,bad
-0.26,0.97,-0.2,-1.28,2.07,-0.44,bad
-0.24,0.97,-0.13,-12.97,-4.44,-7.04,bad
-0.27,0.95,-0.1,-1.2,-0.72,-2.06,bad
-0.28,0.97,-0.11,2.91,5.27,-1.32,bad
-0.29,0.94,-0.08,0.29,2.6,2.24,bad
-0.27,0.94,-0.1,6.1,1.57,2.76,bad
-0.27,0.96,-0.13,4.4,-2.59,0.0,bad
-0.27,1.02,-0.14,9.34,0.68,2.02,bad
-0.23,1.01,-0.19,11.03,3.21,0.1,bad
-0.25,0.95,-0.18,-1.52,-1.26,-1.66,bad
-0.27,0.97,-0.16,-1.7,-2.14,-0.98,bad
-0.25,0.99,-0.15,0.79,0.17,-0.76,bad
-0.27,0.95,-0.16,-1.08,-2.31,-5.43,bad
-0.27,0.93,-0.11,-2.62,-1.94,-1.79,bad
-0.29,0.94,-0.13,0.83,-0.88,-0.82,bad
-0.28,0.98,-0.13,2.72,5.19,1.71,bad
-0.25,0.9,-0.11,0.58,5.74,5.29,bad
-0.25,0.98,-0.19,4.89,3.27,3.27,bad
-0.26,1.02,-0.2,-8.87,-3.95,-2.21,bad
-0.25,0.99,-0.14,-14.34,-4.33,-3.37,bad
-0.27,0.95,-0.09,-11.03,-4.71,-1.12,bad
-0.24,0.93,-0.06,3.56,0.37,0.02,bad
-0.26,0.93,-0.08,6.02,0.44,1.02,bad
-0.23,1.0,-0.13,24.76,10.11,8.81,bad
-0.2,1.08,-0.29,23.46,8.89,6.13,bad
-0.18,1.05,-0.29,8.1,3.04,1.23,bad
-0.2,0.97,-0.28,6.47,-0.31,0.86,bad
-0.19,0.97,-0.3,6.4,-4.17,0.93,bad
-0.16,0.96,-0.3,-11.15,-5.01,-2.24,bad
-0.2,0.94,-0.21,-9.54,0.05,-0.8,bad
-0.21,0.96,-0.17,0.53,-1.44,0.49,bad
-0.21,0.98,-0.18,-3.74,-2.47,-1.78,bad
-0.21,1.0,-0.19,-10.03,-3.16,-3.89,bad
-0.24,0.98,-0.1,-11.86,-4.74,-4.93,bad
-0.25,0.98,-0.05,-4.77,-2.34,-2.17,bad
-0.24,1.0,-0.06,0.53,1.4,-1.16,bad
-0.24,0.94,-0.07,13.3,4.03,2.65,bad
-0.22,0.97,-0.12,16.01,3.15,2.11,bad
-0.22,1.02,-0.18,4.74,3.0,1.76,bad
-0.21,0.96,-0.17,7.4,6.98,-0.25,bad
-0.23,0.98,-0.25,13.39,3.77,3.42,bad
-0.22,1.01,-0.32,7.09,4.02,0.97,bad
-0.22,0.98,-0.32,-2.44,-0.23,0.12,bad
-0.21,0.95,-0.29,-0.66,3.02,-1.25,bad
-0.19,0.96,-0.39,25.17,6.09,5.34,bad
-0.19,0.94,-0.52,26.65,8.88,4.76,bad
-0.13,0.94,-0.6,12.26,4.21,1.74,bad
-0.13,0.9,-0.6,1.72,-0.41,1.13,bad
-0.15,0.89,-0.59,1.59,1.73,1.05,bad
-0.12,0.91,-0.57,3.24,3.31,-1.31,bad
-0.11,0.9,-0.61,8.8,4.33,-0.91,bad
-0.09,0.86,-0.63,9.87,5.89,2.49,bad
-0.1,0.87,-0.65,4.04,3.01,2.83,bad
-0.08,0.88,-0.67,2.24,3.06,1.37,bad
-0.08,0.86,-0.67,0.95,2.5,1.08,bad
-0.07,0.87,-0.68,-6.24,-3.31,-1.01,bad
-0.07,0.83,-0.64,-1.76,-0.47,1.0,bad
-0.07,0.85,-0.71,9.32,4.31,2.7,bad
-0.04,0.86,-0.72,3.92,0.14,1.21,bad
-0.03,0.87,-0.73,-1.36,-1.05,0.25,bad
-0.05,0.86,-0.69,-2.43,-3.01,-2.43,bad
-0.05,0.88,-0.7,-10.18,-1.89,-3.57,bad
-0.06,0.91,-0.71,-20.28,-5.25,-3.61,bad
-0.06,0.92,-0.62,-4.15,3.08,0.73,bad
-0.07,0.89,-0.61,-13.31,-2.15,-4.34,bad
-0.08,0.9,-0.58,-8.62,-5.85,-2.06,bad
-0.07,0.95,-0.52,-13.36,-4.27,-3.53,bad
-0.1,0.96,-0.48,-4.57,-3.54,-1.6,bad
-0.15,0.95,-0.51,-5.24,1.67,-1.64,bad
-0.15,0.98,-0.46,-18.85,-5.34,-3.39,bad
-0.18,0.96,-0.32,-23.55,-1.76,-6.37,bad
-0.2,1.01,-0.31,-8.31,-6.34,-6.02,bad
-0.17,0.95,-0.3,-37.34,-25.18,-8.89,bad
-0.22,0.98,-0.24,-12.53,-12.66,-5.92,bad
-0.21,0.97,-0.13,-9.52,-2.97,-1.99,bad
-0.26,1.02,-0.14,-3.69,-1.28,-1.47,bad
-0.24,1.0,-0.13,-10.53,-3.92,-2.4,bad
-0.26,0.93,-0.07,-8.37,-3.59,-3.62,bad
-0.24,0.95,-0.06,2.02,-0.6,-1.38,bad
-0.26,0.96,-0.1,4.03,0.7,-1.92,bad
-0.28,0.91,-0.07,-17.02,-5.3,-5.7,bad
-0.31,0.91,0.09,-15.3,-6.69,-3.18,bad
-0.3,0.92,0.03,-0.49,0.27,-1.21,bad
-0.31,0.96,0.05,-3.93,-1.53,-0.72,bad
-0.3,0.95,0.07,-2.58,-0.93,-0.92,bad
-0.29,0.91,0.06,4.2,1.71,0.93,bad
-0.25,0.98,0.01,10.5,2.73,1.76,bad
-0.27,0.96,-0.01,0.82,2.05,0.32,bad
-0.25,0.93,0.01,2.41,-1.19,1.49,bad
-0.27,0.9,0.02,15.75,5.46,1.26,bad
-0.28,0.97,-0.14,22.27,11.53,4.13,bad
-0.24,1.01,-0.18,6.08,3.27,2.29,bad
-0.26,0.97,-0.14,-1.35,-6.71,1.31,bad
-0.22,0.97,-0.12,-0.93,0.98,0.02,bad
-0.26,1.02,-0.17,23.69,1.72,6.42,bad
-0.23,1.02,-0.24,7.0,4.39,2.3,bad
-0.22,0.99,-0.23,2.56,4.82,2.44,bad
-0.21,0.96,-0.25,10.65,6.17,2.41,bad
-0.2,0.96,-0.31,13.25,4.51,0.1,bad
-0.18,0.97,-0.35,4.4,-0.34,-0.4,bad
-0.2,0.98,-0.35,-5.46,-1.64,-1.12,bad
-0.2,0.96,-0.27,-14.69,-5.92,-4.15,bad
-0.21,0.91,-0.18,-8.47,-3.76,-0.04,bad
-0.22,0.95,-0.21,-1.46,-1.66,0.22,bad
-0.23,0.99,-0.23,-4.32,0.28,-1.76,bad
-0.26,0.96,-0.15,-15.01,-7.15,-3.67,bad
-0.27,0.95,-0.04,-12.25,-5.56,-3.83,bad
-0.26,0.93,-0.03,0.4,1.37,-0.47,bad
-0.25,0.94,-0.08,16.42,5.65,2.35,bad
-0.25,1.01,-0.19,11.92,4.92,1.42,bad
-0.24,0.98,-0.18,-0.37,0.84,0.73,bad
-0.23,0.96,-0.18,3.82,1.4,0.18,bad
-0.23,0.98,-0.24,17.07,5.56,2.27,bad
-0.2,0.98,-0.3,9.73,2.43,1.11,bad
-0.22,1.0,-0.31,-3.49,4.08,-1.27,bad
-0.26,0.96,-0.28,9.75,5.76,3.32,bad
-0.24,0.99,-0.32,-4.02,1.95,-1.66,bad
-0.26,0.99,-0.29,-7.85,-0.85,-2.73,bad
-0.24,0.98,-0.21,-11.93,-1.89,-2.75,bad
-0.25,0.98,-0.18,-2.52,-0.11,-0.44,bad
-0.25,1.02,-0.2,-9.32,-5.4,-3.81,bad
-0.23,0.99,-0.12,-19.37,-6.34,-3.09,bad
-0.25,0.91,-0.02,-12.59,-5.77,-2.08,bad
-0.27,0.93,0.01,-0.62,-2.73,-1.06,bad
-0.27,0.96,0.02,0.17,-1.4,-0.53,bad
-0.27,0.92,-0.01,9.6,2.18,-0.2,bad
-0.28,0.94,-0.06,12.12,4.57,1.58,bad
-0.26,0.97,-0.12,3.16,1.28,0.98,bad
-0.26,0.95,-0.09,6.43,3.83,0.6,bad
-0.26,0.94,-0.15,18.37,5.76,0.78,bad
-0.25,0.94,-0.28,24.73,8.91,3.12,bad
-0.23,0.94,-0.32,6.28,0.92,1.83,bad
-0.22,0.94,-0.31,-1.6,0.93,0.75,bad
-0.25,0.98,-0.32,-0.24,0.15,-0.43,bad
-0.25,1.01,-0.34,-7.66,-1.13,-1.42,bad
-0.24,0.98,-0.26,-18.66,-4.44,-0.74,bad
-0.22,0.96,-0.16,-11.98,-5.38,-0.43,bad
-0.22,1.02,-0.18,-7.68,0.42,1.0,bad
-0.23,1.03,-0.17,-15.51,-3.61,-2.16,bad
-0.22,0.99,-0.07,-12.62,-3.31,-1.01,bad
-0.24,0.94,-0.03,-3.27,-2.12,-1.7,bad
-0.24,0.93,-0.04,8.38,3.44,-0.21,bad
-0.25,0.96,-0.11,15.63,5.19,2.07,bad
-0.2,1.0,-0.2,11.05,5.96,1.34,bad
-0.25,1.0,-0.15,3.64,1.88,-0.93,bad
-0.25,0.93,-0.18,14.89,4.64,1.9,bad
-0.25,1.0,-0.31,13.48,5.44,2.25,bad
-0.2,1.01,-0.36,10.2,10.08,2.32,bad
-0.2,0.94,-0.34,1.57,4.27,1.86,bad
-0.17,0.93,-0.45,20.99,1.65,3.15,bad
-0.15,0.94,-0.55,19.24,4.69,5.37,bad
-0.15,0.92,-0.55,6.05,2.31,2.47,bad
-0.15,0.98,-0.67,-17.66,-1.95,6.82,bad
-0.13,0.97,-0.46,14.47,6.54,-0.5,bad
-0.14,0.89,-0.59,10.28,8.34,1.63,bad
-0.11,0.93,-0.6,-3.4,2.48,-1.58,bad
-0.09,0.83,-0.49,-9.21,-3.7,0.09,bad
-0.03,0.78,-0.5,12.91,5.15,-0.67,bad
-0.09,0.89,-0.65,5.52,1.5,0.88,bad
-0.08,0.88,-0.62,0.85,-1.14,1.62,bad
-0.05,0.88,-0.61,2.38,2.73,1.3,bad
-0.0,0.92,-0.61,2.38,7.6,1.46,bad
-0.02,0.88,-0.68,9.57,3.84,3.41,bad
0.01,0.88,-0.68,6.16,-2.36,1.77,bad
-0.03,0.89,-0.66,-6.09,-3.45,-2.62,bad
-0.07,0.92,-0.63,-25.98,-10.28,-9.87,bad
-0.13,0.92,-0.51,-13.64,-1.23,-5.54,bad
-0.13,0.94,-0.46,-23.64,-17.27,-11.91,bad
-0.16,0.98,-0.41,-12.15,-9.37,-3.52,bad
-0.18,0.97,-0.4,-16.4,-11.64,-5.92,bad
-0.23,0.96,-0.3,-22.54,-13.73,-4.92,bad
-0.24,0.98,-0.18,-21.32,-8.78,-6.03,bad
-0.25,0.96,-0.12,-11.89,-5.85,-3.76,bad
-0.27,0.94,-0.09,0.14,0.14,-1.32,bad
-0.26,0.95,-0.11,4.89,-1.16,-0.15,bad
-0.27,0.97,-0.13,1.49,-2.46,0.93,bad
-0.26,0.98,-0.11,-14.0,-4.11,-0.31,bad
-0.25,0.94,-0.01,-6.24,-9.03,2.43,bad
-0.22,0.96,-0.04,8.12,4.69,4.0,bad
-0.22,0.99,-0.07,17.4,9.15,2.92,bad
-0.22,0.99,-0.15,2.36,4.16,-0.31,bad
-0.23,1.0,-0.14,-5.58,-3.1,-0.95,bad
-0.25,0.97,-0.06,-10.11,-5.85,-3.87,bad
-0.25,0.95,-0.04,-6.31,-5.49,-2.12,bad
-0.26,0.94,-0.02,-0.65,-3.4,-2.37,bad
-0.26,0.97,-0.0,-2.81,-0.65,0.09,bad
-0.26,0.93,0.03,0.32,-3.75,-1.53,bad
-0.25,0.93,0.03,8.71,5.9,0.2,bad
-0.27,0.98,-0.04,8.79,-0.83,2.02,bad
-0.25,1.02,-0.13,1.17,-0.26,3.35,bad
-0.22,0.95,-0.08,3.44,4.29,2.23,bad
-0.21,0.93,-0.1,17.02,5.85,2.87,bad
-0.22,0.99,-0.23,11.3,2.63,0.48,bad
-0.23,0.99,-0.27,-1.89,-0.76,2.18,bad
-0.22,1.0,-0.25,-15.82,-3.72,-0.95,bad
-0.22,0.99,-0.15,-15.27,-2.21,-4.15,bad
-0.23,0.95,-0.09,-2.4,-2.43,-2.76,bad
-0.24,0.98,-0.12,6.88,0.28,-0.63,bad
-0.25,1.02,-0.16,-1.08,0.82,-3.03,bad
-0.25,0.94,-0.06,-10.32,-0.82,-2.06,bad
-0.26,0.93,-0.04,-3.03,-3.42,-3.33,bad
-0.26,0.96,-0.08,4.15,-0.74,0.84,bad
-0.26,0.95,-0.07,-7.36,-4.26,-2.55,bad
-0.28,0.94,-0.0,-12.46,-5.44,-2.92,bad
-0.27,0.96,0.04,-6.27,-3.24,-1.87,bad
-0.27,0.94,0.04,1.53,-2.02,0.26,bad
-0.29,0.94,-0.02,14.88,1.57,1.85,bad
-0.25,0.98,-0.05,13.35,2.82,3.38,bad
-0.24,0.96,-0.06,1.18,3.19,3.54,bad
-0.26,0.94,-0.07,14.55,7.21,3.0,bad
-0.25,0.96,-0.21,18.79,5.6,4.14,bad
-0.21,0.97,-0.24,8.99,2.31,0.12,bad
-0.23,0.94,-0.22,8.63,5.02,2.97,bad
-0.21,0.94,-0.31,20.19,2.77,3.36,bad
-0.17,0.95,-0.45,18.53,7.7,3.85,bad
-0.18,0.98,-0.43,2.34,1.66,0.89,bad
-0.17,0.96,-0.42,-11.37,-5.71,-1.95,bad
-0.21,0.97,-0.29,-14.01,-5.05,-3.82,bad
-0.21,1.01,-0.27,-7.53,-2.93,-0.86,bad
-0.22,0.98,-0.22,-17.68,2.0,-2.01,bad
-0.24,1.04,-0.23,-9.92,-6.52,-6.98,bad
-0.25,0.95,-0.15,-7.79,-6.87,-3.43,bad
-0.24,0.95,-0.13,-6.56,-3.34,-2.24,bad
-0.28,0.97,-0.07,-9.31,-2.6,-0.9,bad
-0.26,0.94,-0.03,-5.11,-0.71,0.82,bad
-0.28,0.98,-0.05,-1.27,0.97,0.27,bad
-0.24,0.94,-0.02,-9.16,-1.5,-2.5,bad
-0.25,0.93,0.02,-2.03,-2.72,-1.76,bad
-0.27,0.91,0.0,4.53,0.7,-0.56,bad
-0.27,0.94,-0.01,16.05,4.46,0.63,bad
-0.29,0.99,-0.08,10.53,2.69,1.44,bad
-0.26,0.98,-0.11,0.63,1.88,1.49,bad
-0.24,0.96,-0.12,9.37,5.02,2.14,bad
-0.25,0.98,-0.22,22.57,2.37,4.24,bad
-0.21,0.95,-0.29,6.82,1.09,2.21,bad
-0.23,0.96,-0.28,2.95,1.26,1.38,bad
-0.21,0.92,-0.29,19.92,7.98,5.7,bad
-0.22,0.97,-0.4,10.82,-7.02,0.19,bad
-0.23,0.96,-0.4,0.48,0.36,-2.55,bad
-0.22,1.0,-0.41,-13.89,-5.07,-3.79,bad
-0.21,0.95,-0.31,-12.4,-2.93,-1.18,bad
-0.21,0.95,-0.24,-3.08,0.13,-1.76,bad
-0.2,0.99,-0.26,-16.98,-9.93,-4.66,bad
-0.25,0.98,-0.2,-9.73,-3.09,-2.82,bad
-0.29,0.93,-0.12,-19.1,-14.18,-2.16,bad
-0.26,0.94,-0.06,-5.2,-4.05,-2.24,bad
-0.28,0.95,-0.08,-9.09,-3.04,-1.69,bad
-0.26,0.98,-0.02,-16.19,-9.57,0.07,bad
-0.24,0.93,0.02,-4.55,0.63,-1.82,bad
-0.27,0.92,0.03,3.02,0.75,0.05,bad
-0.26,0.93,0.01,12.72,1.2,-1.99,bad
-0.27,0.95,-0.07,9.56,4.08,1.98,bad
-0.27,0.94,-0.05,12.96,5.63,3.62,bad
-0.26,0.97,-0.17,29.85,12.79,4.44,bad
-0.25,1.01,-0.31,21.69,10.63,5.44,bad
-0.24,0.99,-0.32,4.16,1.5,-0.04,bad
-0.23,0.98,-0.31,-9.11,-2.88,-2.94,bad
-0.24,0.93,-0.23,-11.41,-3.31,-1.2,bad
-0.23,0.93,-0.25,1.47,-0.98,0.11,bad
-0.23,0.97,-0.25,-13.19,-11.83,-0.53,bad
-0.24,0.96,-0.19,-22.92,-8.02,-2.97,bad
-0.25,0.95,-0.06,-9.03,-1.24,-1.44,bad
-0.27,0.96,-0.06,0.24,-1.56,-1.57,bad
-0.27,1.0,-0.09,-3.89,-0.29,-3.55,bad
-0.26,0.97,-0.01,-10.01,-3.11,-1.6,bad
-0.28,0.92,0.02,2.72,-0.17,-1.19,bad
-0.22,0.89,0.01,25.19,6.61,2.69,bad
-0.24,1.0,-0.17,16.92,4.11,4.73,bad
-0.23,0.95,-0.21,21.69,10.84,0.92,bad
-0.25,0.98,-0.35,20.16,4.53,4.53,bad
-0.25,0.98,-0.34,2.26,2.61,0.18,bad
-0.26,0.98,-0.33,-8.69,-0.16,-1.5,bad
-0.21,0.94,-0.32,4.15,3.52,0.44,bad
-0.15,0.93,-0.36,17.63,17.51,1.41,bad
-0.21,0.91,-0.47,18.21,17.9,3.44,bad
-0.19,0.92,-0.57,19.92,4.6,6.63,bad
-0.12,0.92,-0.64,12.8,10.5,3.96,bad
-0.13,0.89,-0.65,5.61,1.69,3.15,bad
-0.12,0.89,-0.66,-3.08,6.47,-0.23,bad
-0.1,0.88,-0.66,4.22,3.95,-0.4,bad
-0.06,0.88,-0.67,3.18,4.14,-0.66,bad
-0.09,0.87,-0.66,13.95,15.27,4.1,bad
-0.02,0.85,-0.74,9.23,-2.0,4.7,bad
0.01,0.88,-0.73,3.99,2.93,3.08,bad
-0.08,0.8,-0.66,-5.46,-2.72,5.58,bad
-0.02,0.85,-0.7,7.15,6.47,2.35,bad
-0.02,0.83,-0.76,-1.3,-2.46,-1.38,bad
-0.0,0.91,-0.74,-22.48,-4.16,-8.02,bad
-0.05,0.81,-0.56,-15.1,-10.95,-3.15,bad
-0.11,0.94,-0.6,-19.42,-7.53,-7.58,bad
-0.11,0.92,-0.49,2.67,2.7,0.65,bad
-0.13,0.96,-0.52,-6.56,-1.87,-2.5,bad
-0.1,0.95,-0.46,-33.66,-19.44,-8.56,bad
-0.14,0.97,-0.33,-16.34,-14.28,-7.16,bad
-0.19,1.0,-0.31,-3.97,-1.94,-3.52,bad
-0.21,1.0,-0.33,1.08,-1.82,-1.14,bad
-0.21,1.0,-0.26,-16.69,-7.69,-3.43,bad
-0.24,0.99,-0.18,-18.89,-6.27,-3.37,bad
-0.27,0.98,-0.1,-9.66,-5.01,-2.44,bad
-0.23,0.96,-0.12,-0.33,-1.89,-0.87,bad
-0.26,0.97,-0.17,-3.92,-3.02,-0.64,bad
-0.29,0.95,-0.07,-17.29,-9.5,-2.49,bad
-0.27,0.95,0.01,-5.11,-3.6,-2.2,bad
-0.28,0.97,0.01,0.02,-2.2,-1.89,bad
-0.28,0.98,-0.01,-6.08,-1.61,-2.65,bad
-0.28,0.92,0.01,-7.71,-8.68,-1.44,bad
-0.26,0.94,0.05,0.53,0.47,-0.22,bad
-0.26,0.95,0.03,8.24,5.24,2.22,bad
-0.27,0.97,-0.01,2.57,-2.38,1.19,bad
-0.28,0.95,-0.02,2.65,-0.37,0.47,bad
-0.25,0.93,-0.03,13.27,6.81,2.01,bad
-0.3,1.02,-0.13,21.54,6.2,4.66,bad
-0.25,1.04,-0.19,-0.65,0.6,0.06,bad
-0.26,1.02,-0.16,-11.15,-4.2,-1.76,bad
-0.24,0.96,-0.08,-14.85,-8.98,-3.22,bad
-0.25,0.96,-0.04,2.11,2.2,1.6,bad
-0.25,1.0,-0.14,5.75,4.8,0.87,bad
-0.24,0.96,-0.09,-8.59,-2.15,-0.32,bad
-0.22,0.93,-0.01,-8.02,-6.55,-1.64,bad
-0.28,0.92,0.02,4.74,-2.01,-2.87,bad
-0.27,0.93,-0.06,10.26,0.85,0.4,bad
-0.26,0.97,-0.1,-1.4,-2.22,-0.48,bad
-0.27,0.97,-0.04,4.15,2.82,0.79,bad
-0.25,0.96,-0.14,23.23,2.89,2.22,bad
-0.22,1.01,-0.19,19.37,6.68,1.37,bad
-0.22,0.95,-0.25,7.82,0.91,1.13,bad
-0.22,0.99,-0.24,-4.42,-1.89,-1.91,bad
-0.23,0.98,-0.16,-19.24,-8.57,-2.96,bad
-0.26,0.96,-0.1,-0.29,-3.79,-1.88,bad
-0.26,0.99,-0.07,2.79,2.18,-2.41,bad
-0.27,0.94,-0.1,-15.39,-4.92,-2.98,bad
-0.28,0.9,0.03,-8.44,-1.86,-1.89,bad
-0.27,0.97,-0.01,-0.32,1.06,-0.5,bad
-0.25,0.9,0.01,-8.37,-1.95,-2.02,bad
-0.28,0.95,0.08,-1.05,1.05,-2.56,bad
-0.29,0.95,0.04,4.73,2.25,-0.49,bad
-0.28,0.91,0.02,13.32,3.74,2.03,bad
-0.31,0.95,-0.08,11.5,2.08,3.41,bad
-0.26,0.95,-0.04,4.96,-2.44,1.98,bad
-0.26,0.92,-0.06,13.73,8.32,3.01,bad
-0.26,0.98,-0.19,19.38,6.7,5.63,bad
-0.25,1.02,-0.25,1.76,2.92,1.98,bad
-0.19,0.97,-0.2,13.79,8.87,3.15,bad
-0.18,0.97,-0.33,10.91,2.68,1.7,bad
-0.18,0.98,-0.37,1.81,0.63,-1.21,bad
-0.19,1.0,-0.37,-7.91,-4.25,-2.6,bad
-0.25,0.96,-0.21,-22.84,-6.53,-4.82,bad
-0.25,0.97,-0.15,-11.5,-7.47,-1.83,bad
-0.2,0.89,-0.08,-29.7,-22.36,-18.65,bad
-0.3,0.91,-0.09,-10.42,0.05,-0.29,bad
-0.31,0.96,-0.09,-2.11,-2.87,-1.54,bad
-0.24,0.96,-0.12,-1.24,-1.53,3.08,bad
-0.29,0.99,-0.03,-9.34,-3.85,0.33,bad
-0.28,0.96,0.02,-4.37,-0.99,-1.97,bad
-0.27,0.94,-0.01,-0.74,-0.69,-1.85,bad
-0.28,0.97,-0.03,-6.03,-3.24,-4.38,bad
-0.3,0.92,0.08,-2.65,-5.5,-1.79,bad
-0.29,0.89,0.07,-2.66,0.22,0.84,bad
-0.3,0.91,0.06,6.09,1.07,2.22,bad
-0.3,1.07,0.02,13.02,6.46,2.82,bad
-0.24,0.98,-0.01,-2.2,1.36,1.88,bad
-0.27,0.92,0.02,5.39,2.78,1.99,bad
-0.26,0.95,-0.06,5.5,11.53,7.0,bad
-0.26,0.98,-0.15,4.9,-5.05,5.53,bad
-0.23,0.98,-0.09,10.16,0.75,2.09,bad
-0.24,1.01,-0.17,12.3,1.73,-0.49,bad
-0.21,1.0,-0.27,13.5,6.64,4.32,bad
-0.2,0.99,-0.25,1.53,3.63,0.98,bad
-0.22,1.0,-0.26,-13.27,-1.69,-2.98,bad
-0.2,0.93,-0.15,-17.15,-7.88,-3.75,bad
-0.25,0.94,-0.12,-8.3,-7.89,-2.21,bad
-0.26,0.97,-0.15,-10.07,-5.28,-3.61,bad
-0.24,1.0,-0.1,-19.8,-8.34,-5.63,bad
-0.27,0.94,0.02,-14.56,-7.37,-2.43,bad
-0.28,0.96,0.04,4.52,-1.74,-0.66,bad
-0.27,0.99,-0.02,-1.36,-1.01,-1.47,bad
-0.27,0.97,0.0,-11.81,-2.06,-2.38,bad
-0.28,0.92,0.08,-6.33,-1.52,-1.94,bad
-0.26,0.91,0.08,5.01,2.21,0.56,bad
-0.29,0.96,-0.0,21.56,5.94,2.05,bad
-0.24,0.96,-0.08,6.27,-0.77,1.18,bad
-0.25,0.94,-0.05,8.02,8.22,2.63,bad
-0.25,0.96,-0.16,20.92,4.31,1.76,bad
-0.22,0.95,-0.22,15.77,3.37,5.49,bad
-0.23,1.01,-0.29,0.58,2.46,1.73,bad
-0.23,0.99,-0.23,-12.7,-3.16,-2.17,bad
-0.23,0.95,-0.14,-7.69,-5.15,-1.78,bad
-0.23,0.97,-0.17,-2.27,-1.91,-1.8,bad
-0.25,1.0,-0.14,-12.0,-4.65,-4.21,bad
-0.26,0.95,0.01,-14.9,-7.08,-3.15,bad
-0.27,0.96,0.0,5.18,-1.37,-1.51,bad
-0.26,0.94,-0.05,-6.92,-2.21,-1.3,bad
-0.27,0.89,0.04,-7.59,-4.24,-1.97,bad
-0.3,1.03,0.04,-3.92,1.5,-2.0,bad
-0.28,0.93,0.05,5.6,1.36,0.59,bad
-0.27,0.92,0.05,12.85,5.9,2.95,bad
-0.26,0.95,-0.09,13.98,5.21,2.59,bad
-0.28,0.99,-0.11,-5.13,1.85,-4.59,bad
-0.27,0.93,-0.1,9.21,5.5,1.75,bad
-0.32,0.99,-0.17,25.13,11.03,-0.02,bad
-0.28,0.99,-0.23,12.51,8.37,2.89,bad
-0.24,0.94,-0.25,9.56,1.4,3.64,bad
-0.21,0.94,-0.26,13.74,7.55,3.06,bad
-0.26,0.96,-0.36,6.12,6.62,2.83,bad
-0.24,1.01,-0.37,-3.15,5.47,1.17,bad
-0.21,0.97,-0.31,-16.07,-3.67,-1.79,bad
-0.22,0.94,-0.21,-14.54,-10.63,-2.56,bad
-0.24,0.96,-0.21,-5.7,-9.46,-1.36,bad
-0.3,0.99,-0.17,-16.56,-9.77,-4.39,bad
-0.28,0.99,-0.05,-8.1,-4.3,-2.95,bad
-0.27,0.94,-0.02,-3.96,-1.76,-2.4,bad
-0.28,0.96,-0.02,-16.19,-7.27,-0.47,bad
-0.26,0.96,0.0,-15.81,-4.58,0.75,bad
-0.25,0.97,0.05,-1.75,0.92,-0.52,bad
-0.25,0.93,0.06,9.31,5.98,0.31,bad
-0.25,1.0,-0.08,20.3,1.82,1.53,bad
-0.28,0.98,-0.09,9.55,4.33,0.71,bad
-0.26,0.96,-0.11,17.63,7.09,3.5,bad
-0.26,1.03,-0.31,21.47,2.39,5.13,bad
-0.23,1.0,-0.31,-1.59,1.66,2.53,bad
-0.24,0.97,-0.28,-10.08,-4.82,-0.91,bad
-0.26,0.96,-0.16,-15.04,-3.64,-2.77,bad
-0.23,0.95,-0.1,-4.91,-4.47,-1.46,bad
-0.25,0.96,-0.16,-1.13,-2.21,-1.79,bad
-0.27,0.96,-0.07,-22.15,-7.69,-4.53,bad
-0.25,0.87,0.03,-8.05,-2.89,-2.29,bad
-0.28,0.96,-0.01,7.5,6.37,1.6,bad
-0.27,0.94,-0.05,-1.29,3.82,1.3,bad
-0.27,0.94,0.0,-5.08,-1.91,-0.18,bad
-0.26,0.93,0.02,0.06,-1.98,-2.69,bad
-0.27,0.93,-0.0,16.21,3.2,0.58,bad
-0.27,0.99,-0.09,16.07,4.63,1.47,bad
-0.25,0.95,-0.1,12.41,5.94,1.19,bad
-0.28,1.01,-0.22,17.79,3.83,1.02,bad
-0.24,0.98,-0.28,20.92,4.67,2.56,bad
-0.25,0.96,-0.32,7.09,-0.76,1.38,bad
-0.26,0.98,-0.34,-5.35,-3.64,-0.26,bad
-0.25,0.96,-0.25,-3.15,-2.4,-0.97,bad
-0.26,1.0,-0.26,-3.12,-3.86,0.34,bad
-0.25,1.01,-0.27,-9.08,-3.8,0.7,bad
-0.25,1.02,-0.17,-19.17,-5.88,-1.16,bad
-0.23,0.92,-0.06,-13.69,-2.44,-1.11,bad
-0.25,1.01,-0.1,-2.06,0.88,-2.46,bad
-0.27,0.99,-0.05,-13.77,-5.73,-2.17,bad
-0.25,0.91,0.02,-10.85,-9.56,-1.31,bad
-0.24,0.91,0.06,2.85,0.43,-1.1,bad
-0.25,0.92,0.03,18.96,5.55,0.28,bad
-0.19,0.97,-0.16,17.52,4.12,-0.23,bad
-0.28,1.0,-0.08,2.67,5.34,-0.98,bad
-0.27,0.93,-0.09,15.21,7.33,0.95,bad
-0.23,0.93,-0.24,25.56,6.94,2.66,bad
-0.29,0.98,-0.38,7.84,-4.14,3.44,bad
-0.25,0.99,-0.3,-17.44,-4.72,-0.24,bad
-0.26,0.98,-0.21,-19.53,-2.81,-2.21,bad
-0.26,0.95,-0.17,-6.28,-2.69,-2.69,bad
-0.24,1.0,-0.17,-11.58,-4.9,-1.74,bad
-0.25,0.94,-0.03,-13.6,-3.28,1.47,bad
-0.23,0.91,-0.06,0.52,-4.1,-0.73,bad
-0.28,0.93,-0.02,-13.57,-6.46,-2.3,bad
-0.25,0.87,0.04,-6.31,-4.13,-2.19,bad
-0.24,1.0,0.06,0.62,5.34,-1.91,bad
-0.29,0.9,0.07,2.95,2.02,1.13,bad
-0.24,0.9,-0.03,19.44,0.87,3.62,bad
-0.29,1.01,-0.09,6.12,5.39,0.82,bad
-0.27,0.93,-0.06,9.09,6.53,2.28,bad
-0.25,0.96,-0.15,23.31,12.37,3.36,bad
-0.25,1.02,-0.27,20.15,10.34,1.9,bad
-0.25,1.02,-0.32,5.84,4.04,-1.32,bad
-0.28,0.99,-0.3,-14.98,-5.07,-1.08,bad
-0.23,0.94,-0.19,-32.92,-9.76,-4.19,bad
-0.26,0.95,-0.12,-8.17,-4.71,-1.46,bad
-0.28,1.07,-0.15,-9.77,-4.76,-3.56,bad
-0.23,1.04,-0.1,-11.45,-1.35,-2.11,bad
-0.23,0.92,-0.06,-9.89,-2.9,0.13,bad
-0.23,0.95,-0.02,-1.89,-0.34,0.55,bad
-0.25,0.94,-0.02,6.55,1.96,1.19,bad
-0.27,0.95,-0.05,10.45,3.37,-0.47,bad
-0.25,0.96,-0.11,20.8,7.5,1.01,bad
-0.27,1.02,-0.22,8.98,2.5,-0.57,bad
-0.22,0.94,-0.27,9.64,4.92,-1.07,bad
-0.29,0.88,-0.28,17.33,3.18,0.67,bad
-0.22,0.93,-0.37,15.31,-1.6,3.56,bad
-0.23,0.91,-0.46,6.31,-5.97,2.2,bad
-0.2,0.95,-0.47,-2.63,-1.6,-0.64,bad
-0.21,0.91,-0.43,-0.67,0.53,-0.83,bad
-0.21,0.92,-0.45,2.05,3.15,2.58,bad
-0.21,0.97,-0.45,11.44,15.16,2.31,bad
-0.15,0.94,-0.57,21.31,15.39,4.47,bad
-0.11,0.9,-0.63,11.91,7.69,2.95,bad
-0.11,0.92,-0.62,-0.08,5.91,-0.31,bad
-0.11,0.93,-0.63,0.36,4.79,0.63,bad
-0.1,0.9,-0.63,0.06,3.97,-0.02,bad
-0.09,0.9,-0.65,8.5,6.54,1.45,bad
-0.07,0.86,-0.69,1.78,2.35,0.13,bad
-0.08,0.89,-0.65,-2.79,1.52,-0.92,bad
-0.01,0.91,-0.65,-27.82,-12.53,-10.65,bad
-0.11,0.94,-0.49,-1.98,7.73,-0.69,bad
-0.07,0.93,-0.55,4.05,-4.67,-0.88,bad
-0.11,0.91,-0.58,-9.5,0.48,-5.91,bad
-0.15,0.95,-0.47,-15.42,-4.47,-5.69,bad
-0.18,0.97,-0.44,-14.49,-5.37,-4.59,bad
-0.19,1.01,-0.43,-19.96,-9.31,-7.37,bad
-0.21,1.04,-0.33,-29.68,-29.74,-9.31,bad
-0.24,0.94,-0.17,-12.25,-11.04,-5.6,bad
-0.27,0.95,-0.16,-5.69,-9.98,-0.52,bad
-0.27,0.96,-0.15,3.76,-2.62,0.86,bad
-0.27,0.99,-0.2,-0.85,-2.73,0.07,bad
-0.29,0.97,-0.14,-9.55,-7.99,0.45,bad
-0.26,0.95,-0.05,-14.98,-9.95,-1.29,bad
-0.28,0.96,-0.01,4.76,-1.02,-0.26,bad
-0.24,1.0,-0.02,1.18,4.35,1.79,bad
-0.25,0.94,0.01,-7.9,1.22,1.67,bad
-0.25,0.92,0.03,2.92,1.67,1.47,bad
-0.28,0.96,-0.0,12.51,0.43,3.37,bad
-0.24,0.99,-0.13,11.86,-1.76,2.09,bad
-0.27,1.01,-0.13,1.76,-0.04,2.23,bad
-0.24,0.96,-0.13,11.14,4.79,3.61,bad
-0.19,1.0,-0.18,23.1,6.42,2.21,bad
-0.19,0.99,-0.29,20.84,9.4,2.73,bad
-0.17,0.94,-0.34,9.97,3.19,1.69,bad
-0.17,1.06,-0.41,16.35,10.66,6.02,bad
-0.07,0.95,-0.42,10.07,-0.11,5.17,bad
-0.12,0.96,-0.42,-1.12,0.78,-1.69,bad
-0.15,0.95,-0.44,-16.02,-6.38,-5.05,bad
-0.2,0.94,-0.35,-17.56,-6.74,-3.86,bad
-0.18,0.96,-0.27,-10.68,-4.05,-3.03,bad
-0.18,0.99,-0.26,-5.63,0.18,-3.53,bad
-0.22,1.02,-0.29,-5.63,-1.5,-4.25,bad
-0.25,0.94,-0.21,-9.58,-1.34,-2.18,bad
-0.22,0.96,-0.2,2.26,-2.36,0.96,bad
-0.25,0.98,-0.22,3.56,2.39,1.05,bad
-0.24,0.99,-0.26,3.5,6.71,0.33,bad
-0.21,0.96,-0.27,-9.21,-3.19,-0.15,bad
-0.24,0.94,-0.17,-6.41,3.28,-1.29,bad
-0.22,0.97,-0.19,3.13,2.59,-2.34,bad
-0.21,0.95,-0.25,14.09,-1.26,3.14,bad
-0.22,0.99,-0.3,6.95,1.2,0.73,bad
-0.19,0.95,-0.23,4.85,2.12,0.07,bad
-0.24,0.92,-0.28,22.66,2.89,6.11,bad
-0.16,0.95,-0.38,9.36,-1.68,1.6,bad
-0.14,0.97,-0.37,-5.33,4.28,-0.38,bad
-0.19,0.98,-0.38,-19.36,-2.67,-3.15,bad
-0.21,0.98,-0.25,-17.5,-1.31,-0.47,bad
-0.22,0.97,-0.18,-9.24,-9.69,-2.21,bad
-0.21,1.01,-0.19,-4.05,-1.19,0.86,bad
-0.22,1.04,-0.2,-9.92,1.07,-2.25,bad
-0.21,0.95,-0.07,-12.89,-7.92,-4.04,bad
-0.21,0.94,-0.05,-0.51,-1.65,-0.91,bad
-0.23,0.95,-0.07,10.01,3.2,0.05,bad
-0.19,0.99,-0.17,10.98,-1.18,-0.47,bad
-0.22,0.98,-0.2,3.09,-2.07,0.27,bad
-0.22,0.99,-0.17,2.73,1.5,-0.63,bad
-0.2,0.97,-0.19,14.61,4.25,0.53,bad
-0.26,1.07,-0.28,25.0,10.9,-1.48,bad
-0.25,1.0,-0.36,5.58,1.13,-0.05,bad
-0.19,1.04,-0.34,-9.27,-1.53,2.59,bad
-0.18,0.97,-0.29,-10.45,-3.6,-0.5,bad
-0.2,0.94,-0.24,-6.73,0.55,-1.65,bad
-0.23,1.0,-0.27,-2.32,0.36,-2.01,bad
-0.22,1.01,-0.21,-12.33,-4.16,-3.05,bad
-0.21,0.93,-0.11,-11.6,-3.67,-1.98,bad
-0.26,0.97,-0.1,-0.4,0.2,-0.07,bad
-0.27,1.0,-0.13,-7.67,0.24,-1.66,bad
-0.23,0.94,-0.02,-10.41,-1.33,-3.2,bad
-0.22,0.93,-0.01,1.06,-0.89,-0.44,bad
-0.23,0.94,-0.06,15.33,0.03,2.46,bad
-0.21,1.01,-0.14,10.67,9.02,2.34,bad
-0.21,0.96,-0.13,13.27,4.61,3.83,bad
-0.22,1.0,-0.23,19.41,2.57,3.78,bad
-0.19,1.03,-0.29,10.71,7.08,0.88,bad
-0.2,1.02,-0.35,-7.5,1.47,-3.05,bad
-0.22,0.96,-0.24,-16.76,-4.92,-2.24,bad
-0.22,0.98,-0.17,-10.03,-1.82,0.46,bad
-0.2,0.99,-0.14,-10.96,-4.57,0.44,bad
-0.19,1.01,-0.09,-14.24,-0.43,-3.54,bad
-0.19,0.95,-0.04,-3.66,-3.76,-2.04,bad
-0.22,0.98,-0.03,9.77,-0.6,0.32,bad
-0.21,1.01,-0.11,26.94,8.76,3.66,bad
-0.21,1.02,-0.2,11.03,0.8,3.92,bad
-0.21,0.99,-0.21,4.47,2.38,0.4,bad
-0.19,0.97,-0.24,11.63,6.75,-1.26,bad
-0.17,0.98,-0.29,11.95,-0.47,0.61,bad
-0.18,0.93,-0.28,3.79,-0.81,2.68,bad
-0.15,0.98,-0.4,6.73,0.22,1.63,bad
-0.18,0.98,-0.4,7.99,1.91,1.98,bad
-0.15,0.97,-0.4,-14.25,-1.08,0.72,bad
-0.16,0.99,-0.35,-19.84,-2.87,-2.34,bad
-0.17,0.96,-0.22,-20.34,-6.14,-1.56,bad
-0.16,0.99,-0.16,-9.23,-3.5,-1.34,bad
-0.18,1.03,-0.16,-12.11,0.52,-3.5,bad
-0.16,1.0,-0.11,-5.74,-4.22,-1.08,bad
-0.17,0.95,-0.1,5.72,1.27,0.94,bad
-0.17,0.94,-0.17,16.9,3.44,0.75,bad
-0.16,1.02,-0.27,21.2,3.03,2.68,bad
-0.12,1.02,-0.3,5.21,-1.67,1.37,bad
-0.17,0.99,-0.27,-13.24,-5.6,0.89,bad
-0.18,1.04,-0.18,-15.07,-2.53,-4.18,bad
-0.19,0.97,-0.09,-15.21,-5.82,-2.73,bad
-0.18,0.92,-0.06,-10.14,-4.02,-1.95,bad
-0.17,0.97,-0.02,2.75,5.63,-0.42,bad
-0.22,0.97,-0.08,18.27,2.52,0.99,bad
-0.2,1.02,-0.16,19.82,3.76,-0.27,bad
-0.15,0.98,-0.25,9.08,1.76,0.57,bad
-0.16,0.99,-0.23,-3.11,-1.93,-0.14,bad
-0.18,0.96,-0.2,-13.22,-4.08,-1.87,bad
-0.21,0.93,-0.13,-10.5,-3.34,-1.23,bad
-0.22,0.95,-0.16,-10.22,-7.81,0.06,bad
-0.19,1.01,-0.09,-16.69,-6.56,-1.37,bad
-0.2,1.01,-0.04,-17.69,-6.18,-8.4,bad
-0.23,0.97,0.02,-0.71,-0.25,0.69,bad
-0.21,0.97,0.01,11.69,2.4,-0.84,bad
-0.24,0.99,-0.04,10.77,1.96,-3.17,bad
-0.19,0.93,-0.06,10.16,5.33,-0.37,bad
-0.27,0.98,-0.17,13.27,5.88,2.11,bad
-0.24,1.03,-0.24,8.98,1.58,1.88,bad
-0.17,0.95,-0.21,7.51,4.82,3.0,bad
-0.24,1.02,-0.29,19.3,5.4,-0.6,bad
-0.21,0.94,-0.35,15.43,7.1,2.47,bad
-0.19,0.95,-0.4,1.15,-2.5,-0.38,bad
-0.22,0.99,-0.37,-10.92,-1.06,-1.22,bad
-0.21,0.96,-0.26,-7.53,0.1,-0.32,bad
-0.19,1.01,-0.27,-0.1,-0.56,1.02,bad
-0.2,0.96,-0.27,-10.84,-7.08,-1.38,bad
-0.22,0.96,-0.2,-10.36,-3.69,-0.66,bad
-0.26,1.02,-0.16,-8.8,-4.47,-0.89,bad
-0.21,1.02,-0.12,-12.92,-5.04,-3.05,bad
-0.21,0.92,-0.05,-7.81,-1.15,-1.34,bad
-0.22,0.97,-0.06,6.83,0.7,2.47,bad
-0.23,0.95,-0.07,11.87,4.44,1.09,bad
-0.19,0.98,-0.17,18.77,4.47,1.34,bad
-0.21,0.95,-0.2,16.97,7.13,2.7,bad
-0.17,0.97,-0.34,7.94,1.24,3.4,bad
-0.2,0.98,-0.35,9.49,4.02,-0.05,bad
-0.18,0.95,-0.33,5.4,4.0,0.47,bad
-0.2,0.94,-0.36,-5.76,-1.99,-2.22,bad
-0.17,0.94,-0.3,-16.46,-6.44,-3.5,bad
-0.23,0.97,-0.28,-8.34,-1.56,-1.68,bad
-0.22,0.99,-0.26,-14.39,-6.81,-1.34,bad
-0.19,0.99,-0.15,-21.19,-2.04,-3.66,bad
-0.22,0.98,-0.08,-12.48,-2.6,-2.04,bad
-0.18,0.93,-0.03,-7.57,-6.4,-0.98,bad
-0.23,0.93,-0.01,-4.81,0.5,2.12,bad
-0.2,0.93,-0.02,1.73,1.33,2.59,bad
-0.19,0.96,-0.01,8.53,1.84,0.25,bad
-0.19,1.0,-0.1,0.6,-1.13,-0.52,bad
-0.19,0.98,-0.09,8.4,5.53,-0.44,bad
-0.22,0.96,-0.12,19.08,5.39,0.24,bad
-0.22,1.01,-0.2,20.31,5.45,0.35,bad
-0.19,1.01,-0.26,6.43,2.89,-0.91,bad
-0.18,1.0,-0.29,-7.11,-2.63,-0.69,bad
-0.22,0.95,-0.21,-14.2,-7.75,-1.21,bad
-0.24,0.98,-0.15,-18.92,-18.07,-0.92,bad
-0.23,1.02,-0.1,-14.45,-3.66,-2.81,bad
-0.23,0.98,-0.05,-1.18,-1.43,-0.81,bad
-0.2,0.95,-0.06,8.99,2.3,1.32,bad
-0.22,0.98,-0.11,14.5,4.98,2.04,bad
-0.22,1.02,-0.2,13.21,5.01,2.81,bad
-0.2,0.99,-0.25,5.53,0.52,1.56,bad
-0.18,0.98,-0.26,1.18,-1.36,1.14,bad
-0.2,0.96,-0.23,-0.96,-1.56,1.48,bad
-0.2,0.96,-0.23,0.26,-2.18,0.21,bad
-0.19,0.99,-0.23,-2.77,-0.09,1.34,bad
-0.18,0.99,-0.22,-2.34,2.55,1.24,bad
-0.13,1.0,-0.23,-3.27,5.21,1.21,bad
-0.19,1.0,-0.21,2.71,8.03,2.77,bad
-0.15,0.99,-0.24,2.31,1.4,6.59,bad
-0.11,1.02,-0.26,1.71,3.07,2.53,bad
-0.1,1.03,-0.25,2.73,4.38,1.33,bad
